"id","changed_by","table_name","record_id","change_type","change_details","timestamp"
"f3e1356b-f803-4645-86b7-d672bcb14066","a062c4ea-9a96-43fb-b7a2-410a0bd42117","clients","2a686dbd-dff2-4999-a8ff-4e413ac5fd39","create","Created client MMC Corporation","2025-01-17 00:19:04.294675"
"cc211204-0679-4824-904e-7b03c7ad275c","a062c4ea-9a96-43fb-b7a2-410a0bd42117","clients","2a686dbd-dff2-4999-a8ff-4e413ac5fd39","update","Updated client Acme Corporation Updated","2025-01-17 00:25:03.428211"
"1e2d8325-6858-40df-ad2a-3b45ae09a7d3","a062c4ea-9a96-43fb-b7a2-410a0bd42117","clients","24e58575-a4ba-420f-9e7b-063ccf9fb080","delete","Deleted client Acme Corporation","2025-01-17 00:51:28.437089"
"73da903d-7d52-42e0-99d8-f762dc4875de","a062c4ea-9a96-43fb-b7a2-410a0bd42117","clients","58a8d2b1-cd02-4eaa-b9e4-7fc7ef618f03","delete","Deleted client Acme Corporation","2025-01-17 01:04:22.901043"
"ced3a15b-be8f-46e1-bfb4-a1718532a8f7","a062c4ea-9a96-43fb-b7a2-410a0bd42117","clients","0051fdb7-2a83-4f51-9824-42262131e0f9","delete","Deleted client Acme Corporation","2025-01-17 01:19:06.238025"
"6b05726d-518e-4767-8b6a-80aad82b3ab4","a062c4ea-9a96-43fb-b7a2-410a0bd42117","clients","c6da2f7c-42f7-459c-9b75-e7e0111f2f5f","create","Created client Test Company 00241449-ebc7-4311-95cf-66647ec5c26f","2025-01-17 01:37:06.121766"
"64bf47e7-afca-4613-aa73-a1d0ecf52d60","4b5b8957-db65-480d-bb9b-f0ed95f94a22","clients","d70539c6-3c86-4c9a-a1ce-9c41e855bcb9","create","Created client Finance Test Company e99e3879-d7f3-4c70-9a10-01e503f2c9c7","2025-01-17 01:37:10.983829"
"fb477bdd-d2de-4261-ae86-59f751d14713","a062c4ea-9a96-43fb-b7a2-410a0bd42117","clients","13a50137-3735-430f-a008-276d7f44505e","create","Created client Update Test Company 3e11aa20-02cf-4648-9be7-e87383ed327b","2025-01-17 01:37:29.425808"
"4778b0f3-8181-4cda-8e71-2ddb142d82e0","a062c4ea-9a96-43fb-b7a2-410a0bd42117","clients","ee2c6b2b-a74a-4ae0-8f8e-171c6a416459","create","Created client Delete Test Company 83060bc9-020c-47cb-954a-db518ba59da4","2025-01-17 01:37:34.944271"
"e7415640-170b-43f5-bfca-10154a5a1d7d","a062c4ea-9a96-43fb-b7a2-410a0bd42117","clients","ee2c6b2b-a74a-4ae0-8f8e-171c6a416459","delete","Deleted client Delete Test Company 83060bc9-020c-47cb-954a-db518ba59da4","2025-01-17 01:37:37.479026"
"d3f7ee3d-187a-4d8d-ac23-0a987b752a90","a062c4ea-9a96-43fb-b7a2-410a0bd42117","clients","3624d76e-5d78-4430-8eba-943d5e7a9c00","create","Created client Test Company 134c328f-2ad3-4d55-a242-8b96ad616f11","2025-01-17 01:43:01.721349"
"9c322795-03f0-4373-8a0a-0983f4286c3f","4b5b8957-db65-480d-bb9b-f0ed95f94a22","clients","7d0a18a1-7e82-4505-882a-33b6ece05394","create","Created client Finance Test Company ce3c54d3-1234-4ba0-82a1-b7f17a774206","2025-01-17 01:43:06.528857"
"17e2759d-1089-4a44-93dd-e5e39ebf3550","a062c4ea-9a96-43fb-b7a2-410a0bd42117","clients","c96b50e7-2711-4bfa-bc00-8132ae2e93b9","create","Created client Update Test Company b0ddb7d0-3bf2-4f46-bad0-b237403b9dea","2025-01-17 01:43:25.03871"
"e4a21bb9-e2d8-4614-bbd1-e737a714a518","a062c4ea-9a96-43fb-b7a2-410a0bd42117","clients","c96b50e7-2711-4bfa-bc00-8132ae2e93b9","update","Updated client Update Test Company b0ddb7d0-3bf2-4f46-bad0-b237403b9dea","2025-01-17 01:43:27.324429"
"10645c4e-d574-4231-b82f-f477c6df81eb","a062c4ea-9a96-43fb-b7a2-410a0bd42117","clients","85fc48bf-0940-401d-9d28-fd4b4b818cfa","create","Created client Delete Test Company eb7a56e6-e98f-4b98-8f83-1caf2a7cf6df","2025-01-17 01:43:32.037107"
"fe12d80a-77f1-4172-a164-af58bcbe5351","a062c4ea-9a96-43fb-b7a2-410a0bd42117","clients","85fc48bf-0940-401d-9d28-fd4b4b818cfa","delete","Deleted client Delete Test Company eb7a56e6-e98f-4b98-8f83-1caf2a7cf6df","2025-01-17 01:43:34.508679"
"d07f99e5-8898-43da-9af9-e654b81552ca","a062c4ea-9a96-43fb-b7a2-410a0bd42117","clients","4cfc19a2-e7b1-4da8-a11b-0b2a08a5e8fb","delete","Deleted client TechWorld Inc.","2025-01-17 02:44:05.649348"
"c81a9279-1ed4-4120-8093-8bfaf8d419fb","4b5b8957-db65-480d-bb9b-f0ed95f94a22","financial_transactions","a5b984b5-3f47-4b75-87e1-9f85a255a141","create","Created financial transaction of 1000.50 for client 21be3212-0a2f-4750-9c7c-08f24c677a02","2025-01-17 03:11:54.063342"
"a70ec89d-7def-481b-b7c7-a5cdb84385f3","4b5b8957-db65-480d-bb9b-f0ed95f94a22","financial_transactions","a5b984b5-3f47-4b75-87e1-9f85a255a141","update","Updated financial transaction a5b984b5-3f47-4b75-87e1-9f85a255a141","2025-01-17 03:17:28.32451"
"81ab7398-3a50-4854-9f4d-1fd0809c544e","4b5b8957-db65-480d-bb9b-f0ed95f94a22","financial_transactions","a5b984b5-3f47-4b75-87e1-9f85a255a141","delete","Deleted financial transaction a5b984b5-3f47-4b75-87e1-9f85a255a141","2025-01-17 03:22:32.536825"
"b7f8a9ca-11fa-45aa-9b17-0963865f4e60","4b5b8957-db65-480d-bb9b-f0ed95f94a22","financial_transactions","c08a590f-9bd4-4d99-9dfe-d647e1b8e7cf","create","Created financial transaction of 1000.50 for client 21be3212-0a2f-4750-9c7c-08f24c677a02","2025-01-17 03:25:22.028651"
"4fdcdda7-af33-4bb0-a05a-9091f228ed37","a062c4ea-9a96-43fb-b7a2-410a0bd42117","financial_transactions","9a184e85-fb93-4f62-937a-2ba0ae323f0d","create","Created financial transaction of 1000.50 for client a30f6cf1-c914-4951-94c1-bea5a57006b2","2025-01-17 03:34:17.653122"
"67f3b4ab-3974-44c2-b475-c3592f726d68","4b5b8957-db65-480d-bb9b-f0ed95f94a22","financial_transactions","f68af25f-8f66-43ae-8c21-c0be708e7d4b","create","Created financial transaction of 500.75 for client 21be3212-0a2f-4750-9c7c-08f24c677a02","2025-01-17 03:34:22.629292"
"f95d5d49-957e-4f57-995e-c29ef8fd9645","a062c4ea-9a96-43fb-b7a2-410a0bd42117","financial_transactions","2a73bb55-e17c-4145-9b8b-d0f759479031","create","Created financial transaction of 750.25 for client a30f6cf1-c914-4951-94c1-bea5a57006b2","2025-01-17 03:34:37.301668"
"f5efa232-0d79-48ed-bef7-ddaecbc0293d","a062c4ea-9a96-43fb-b7a2-410a0bd42117","financial_transactions","2a73bb55-e17c-4145-9b8b-d0f759479031","update","Updated financial transaction 2a73bb55-e17c-4145-9b8b-d0f759479031","2025-01-17 03:34:39.72438"
"6c067563-fe10-4c74-a7d1-fbdf615455e7","4b5b8957-db65-480d-bb9b-f0ed95f94a22","financial_transactions","b90c279a-ddc2-4792-b198-9653e89c3f9a","create","Created financial transaction of 600.75 for client 21be3212-0a2f-4750-9c7c-08f24c677a02","2025-01-17 03:34:44.254218"
"429951ca-81f6-4d5d-a094-5f8ea2fd737f","4b5b8957-db65-480d-bb9b-f0ed95f94a22","financial_transactions","b90c279a-ddc2-4792-b198-9653e89c3f9a","delete","Deleted financial transaction b90c279a-ddc2-4792-b198-9653e89c3f9a","2025-01-17 03:34:46.517513"
"79771edf-c57d-4aed-92ce-e2ad227414d8","a062c4ea-9a96-43fb-b7a2-410a0bd42117","financial_transactions","a07aef00-1fb8-47ca-8872-2f58431e783e","create","Created financial transaction of 1000.50 for client a30f6cf1-c914-4951-94c1-bea5a57006b2","2025-01-17 03:35:43.519216"
"d12439f3-e8d1-40d4-a7b7-5dbb8201d8a8","4b5b8957-db65-480d-bb9b-f0ed95f94a22","financial_transactions","1e9a0518-2aba-4352-bdd8-2cc4a6276fae","create","Created financial transaction of 500.75 for client 21be3212-0a2f-4750-9c7c-08f24c677a02","2025-01-17 03:35:48.177286"
"df1efef8-57aa-4d63-a018-c59c10ed1262","a062c4ea-9a96-43fb-b7a2-410a0bd42117","financial_transactions","3e363f28-1988-4f17-bcfb-b333b8d8b72a","create","Created financial transaction of 750.25 for client a30f6cf1-c914-4951-94c1-bea5a57006b2","2025-01-17 03:36:02.925187"
"050d0d5e-29e4-4da3-9237-c2bb03a8373f","a062c4ea-9a96-43fb-b7a2-410a0bd42117","financial_transactions","3e363f28-1988-4f17-bcfb-b333b8d8b72a","update","Updated financial transaction 3e363f28-1988-4f17-bcfb-b333b8d8b72a","2025-01-17 03:36:05.362121"
"bd652bca-f7e0-43bf-b6b6-2a6069dadcfb","4b5b8957-db65-480d-bb9b-f0ed95f94a22","financial_transactions","bd82fb42-ca38-4d40-ac28-f765effd87d2","create","Created financial transaction of 600.75 for client 21be3212-0a2f-4750-9c7c-08f24c677a02","2025-01-17 03:36:09.915255"
"9d7822d3-b7c8-4691-81d4-5be99000842d","4b5b8957-db65-480d-bb9b-f0ed95f94a22","financial_transactions","bd82fb42-ca38-4d40-ac28-f765effd87d2","delete","Deleted financial transaction bd82fb42-ca38-4d40-ac28-f765effd87d2","2025-01-17 03:36:12.20811"
"b6f0a75b-afea-4b71-9fcb-09467af3d71f","a062c4ea-9a96-43fb-b7a2-410a0bd42117","financial_transactions","e83bc883-2ef6-4478-a4bf-7dab68dfd273","create","Created financial transaction of 1000.50 for client a30f6cf1-c914-4951-94c1-bea5a57006b2","2025-01-17 03:37:49.206652"
"e610b988-8b50-4322-a80e-922c66b9a022","4b5b8957-db65-480d-bb9b-f0ed95f94a22","financial_transactions","b94406bd-6392-4c40-8377-d21bae5dea2c","create","Created financial transaction of 500.75 for client 21be3212-0a2f-4750-9c7c-08f24c677a02","2025-01-17 03:37:53.776136"
"6723701e-5f42-4245-917c-cf90ea9f5330","a062c4ea-9a96-43fb-b7a2-410a0bd42117","financial_transactions","b69916f1-a85f-4346-8ed4-b932e3431523","create","Created financial transaction of 750.25 for client a30f6cf1-c914-4951-94c1-bea5a57006b2","2025-01-17 03:38:08.667268"
"c1da77fa-ab17-4cc9-a53f-4183b973f0a3","a062c4ea-9a96-43fb-b7a2-410a0bd42117","financial_transactions","b69916f1-a85f-4346-8ed4-b932e3431523","update","Updated financial transaction b69916f1-a85f-4346-8ed4-b932e3431523","2025-01-17 03:38:11.119435"
"0b7aa07c-682b-40ca-b70e-1ec923db56e8","4b5b8957-db65-480d-bb9b-f0ed95f94a22","financial_transactions","f8c07225-e74d-4d1d-8b1e-a47ad7b51095","create","Created financial transaction of 600.75 for client 21be3212-0a2f-4750-9c7c-08f24c677a02","2025-01-17 03:38:15.693849"
"b2b3cb28-27aa-4f2c-bbdf-cd803f8a7a73","4b5b8957-db65-480d-bb9b-f0ed95f94a22","financial_transactions","f8c07225-e74d-4d1d-8b1e-a47ad7b51095","delete","Deleted financial transaction f8c07225-e74d-4d1d-8b1e-a47ad7b51095","2025-01-17 03:38:17.9758"
"a1ed0929-9f82-4743-a6de-39415d6cbda9","a062c4ea-9a96-43fb-b7a2-410a0bd42117","invoices","8acd0086-49c4-4bb2-ba60-81925648c825","create","Created invoice of 1500.75 for client a30f6cf1-c914-4951-94c1-bea5a57006b2","2025-01-17 05:10:16.851592"
"0aee54c3-72ba-4d09-aa21-606819c27e47","4b5b8957-db65-480d-bb9b-f0ed95f94a22","invoices","183186d7-07f9-4217-bd54-206c40dbc3ea","create","Created invoice of 2500.50 for client 21be3212-0a2f-4750-9c7c-08f24c677a02","2025-01-17 05:10:21.468634"
"d6cb1d83-0bfa-4873-a1ca-87b38d966724","a062c4ea-9a96-43fb-b7a2-410a0bd42117","invoices","fe1ec593-c87b-4c65-8ade-4d64c1377cf9","create","Created invoice of 3000.00 for client a30f6cf1-c914-4951-94c1-bea5a57006b2","2025-01-17 05:10:29.196463"
"6b8f7ca7-1229-4628-b488-8b104097bc95","4b5b8957-db65-480d-bb9b-f0ed95f94a22","invoices","fe1ec593-c87b-4c65-8ade-4d64c1377cf9","update","Updated invoice fe1ec593-c87b-4c65-8ade-4d64c1377cf9","2025-01-17 05:10:31.633744"
"f0069488-6455-4f69-b7b7-4922f1af5c6a","4b5b8957-db65-480d-bb9b-f0ed95f94a22","invoices","fe1ec593-c87b-4c65-8ade-4d64c1377cf9","update","Updated invoice fe1ec593-c87b-4c65-8ade-4d64c1377cf9","2025-01-17 05:10:34.059392"
"aabc7d73-964a-4783-9917-5eae1722c260","4b5b8957-db65-480d-bb9b-f0ed95f94a22","invoices","d90e097c-e9dc-442e-a131-b373481111bf","create","Created invoice of 1000.00 for client 21be3212-0a2f-4750-9c7c-08f24c677a02","2025-01-17 05:10:38.647409"
"4ffe65db-0a99-4b66-b5d2-4a036bb559ce","a062c4ea-9a96-43fb-b7a2-410a0bd42117","invoices","20128a89-bbe6-4541-8837-c2c936a7f08e","create","Created invoice of 500.00 for client 40d5c0a0-7e68-4655-9b39-b2d330f9be60","2025-01-17 05:10:44.095734"
"8abc247c-1f26-4d88-b764-76cfcb1679a0","a062c4ea-9a96-43fb-b7a2-410a0bd42117","invoices","7611322f-fd74-4e52-8792-a8fd64a06a7c","create","Created invoice of 1000.00 for client a30f6cf1-c914-4951-94c1-bea5a57006b2","2025-01-17 05:10:49.572697"
"ef458afb-3571-4e61-bbf0-3090fabf9093","a062c4ea-9a96-43fb-b7a2-410a0bd42117","invoices","a510a051-57cc-499f-8166-560e2dc1e532","create","Created invoice of 1500.75 for client a30f6cf1-c914-4951-94c1-bea5a57006b2","2025-01-17 05:15:51.523307"
"b9d22f9d-97ee-47ee-a9d9-2820553c0e94","4b5b8957-db65-480d-bb9b-f0ed95f94a22","invoices","856bd7a1-1fc4-4b84-a758-83419ca34e26","create","Created invoice of 2500.50 for client 21be3212-0a2f-4750-9c7c-08f24c677a02","2025-01-17 05:15:56.075864"
"cc164a4a-4106-4d87-a8ba-cd0dbb99a973","a062c4ea-9a96-43fb-b7a2-410a0bd42117","invoices","04c7b805-640d-49b9-a986-7579fe2f860b","create","Created invoice of 3000.00 for client a30f6cf1-c914-4951-94c1-bea5a57006b2","2025-01-17 05:16:03.832851"
"0d3f683e-91e8-47b3-8f53-2d02d652a3b2","4b5b8957-db65-480d-bb9b-f0ed95f94a22","invoices","04c7b805-640d-49b9-a986-7579fe2f860b","update","Updated invoice 04c7b805-640d-49b9-a986-7579fe2f860b","2025-01-17 05:16:06.274924"
"d4842af6-e681-47de-bfe2-f76594de74b4","4b5b8957-db65-480d-bb9b-f0ed95f94a22","invoices","04c7b805-640d-49b9-a986-7579fe2f860b","update","Updated invoice 04c7b805-640d-49b9-a986-7579fe2f860b","2025-01-17 05:16:08.71424"
"1db559b2-f662-4e4e-ad12-9b89e93fd2fc","4b5b8957-db65-480d-bb9b-f0ed95f94a22","invoices","e1e9dc53-ef94-487a-a46b-5f8aa4a8a174","create","Created invoice of 1000.00 for client 21be3212-0a2f-4750-9c7c-08f24c677a02","2025-01-17 05:16:13.439846"
"a0155684-0cbf-4ed1-ab21-28ae12a29024","a062c4ea-9a96-43fb-b7a2-410a0bd42117","invoices","c2e3d828-9d57-4756-8c6f-b8906b35d821","create","Created invoice of 500.00 for client 40d5c0a0-7e68-4655-9b39-b2d330f9be60","2025-01-17 05:16:18.91819"
"4c51e130-92a7-4fde-8a29-94c379d7fbe8","a062c4ea-9a96-43fb-b7a2-410a0bd42117","invoices","daa03f0d-bb1c-44a1-af90-271d68b82bc5","create","Created invoice of 1000.00 for client a30f6cf1-c914-4951-94c1-bea5a57006b2","2025-01-17 05:16:24.370597"
"9043f549-b754-49f0-8392-8293599bf43a","4b5b8957-db65-480d-bb9b-f0ed95f94a22","invoices","e1e9dc53-ef94-487a-a46b-5f8aa4a8a174","update","Updated invoice e1e9dc53-ef94-487a-a46b-5f8aa4a8a174","2025-01-17 05:23:13.376955"
"ea49ab25-6f9b-4329-8028-d84eff560414","a062c4ea-9a96-43fb-b7a2-410a0bd42117","clients","1708b988-1588-4589-9ec0-7385ce730b7d","create","Created client Test Company 713e6a43-388f-4777-8bc9-0f6103f60a5d","2025-01-17 11:52:01.188788"
"ed0f399a-458c-4560-9e53-ce41c60927ae","4b5b8957-db65-480d-bb9b-f0ed95f94a22","clients","41b7063f-45d6-4f27-92eb-eacd7614f06e","create","Created client Finance Test Company 92aff980-74bb-4cb7-b7d1-e51b04635a50","2025-01-17 11:52:05.92101"
"6775515a-2341-4505-932c-5d86f6180768","a062c4ea-9a96-43fb-b7a2-410a0bd42117","clients","e5670996-98ab-4148-aa32-4486f4df1875","create","Created client Update Test Company a02c2567-be10-45ff-a90e-bf45862ddeb7","2025-01-17 11:52:24.195308"
"4625638a-8155-4210-89fa-448855d14833","a062c4ea-9a96-43fb-b7a2-410a0bd42117","clients","e5670996-98ab-4148-aa32-4486f4df1875","update","Updated client Update Test Company a02c2567-be10-45ff-a90e-bf45862ddeb7","2025-01-17 11:52:26.457907"
"c0df3c79-0933-4219-813c-cb5b120413be","a062c4ea-9a96-43fb-b7a2-410a0bd42117","clients","53312231-66cf-4349-82fd-655d1383fe16","create","Created client Delete Test Company f50082c1-7596-4f82-93a6-be2b8ff42e6f","2025-01-17 11:52:31.123144"
"85c55613-abba-4497-b255-b93aff508afa","a062c4ea-9a96-43fb-b7a2-410a0bd42117","clients","53312231-66cf-4349-82fd-655d1383fe16","delete","Deleted client Delete Test Company f50082c1-7596-4f82-93a6-be2b8ff42e6f","2025-01-17 11:52:33.528081"
"74906290-2c3b-4c71-923e-92b903e8ff8c","a062c4ea-9a96-43fb-b7a2-410a0bd42117","financial_transactions","68b0896b-ecb6-4ae0-8808-b8a78ea01656","create","Created financial transaction of 1000.50 for client a30f6cf1-c914-4951-94c1-bea5a57006b2","2025-01-17 11:53:08.206108"
"105b018e-3b40-44e3-bf34-d7e5a1edcf76","4b5b8957-db65-480d-bb9b-f0ed95f94a22","financial_transactions","6529d84f-1e41-4296-8141-46e74b067367","create","Created financial transaction of 500.75 for client 21be3212-0a2f-4750-9c7c-08f24c677a02","2025-01-17 11:53:12.748755"
"d28d4355-84dd-4d10-bbf8-0a0a340e0e2b","a062c4ea-9a96-43fb-b7a2-410a0bd42117","financial_transactions","4aaa6089-53a8-4843-b7f1-eb15275a2dfd","create","Created financial transaction of 750.25 for client a30f6cf1-c914-4951-94c1-bea5a57006b2","2025-01-17 11:53:27.486114"
"a1bda5d2-32d0-4347-b26b-a816d4430ff2","a062c4ea-9a96-43fb-b7a2-410a0bd42117","financial_transactions","4aaa6089-53a8-4843-b7f1-eb15275a2dfd","update","Updated financial transaction 4aaa6089-53a8-4843-b7f1-eb15275a2dfd","2025-01-17 11:53:29.90164"
"1b5a3582-5410-4212-b6e3-1bde9fdca1b5","4b5b8957-db65-480d-bb9b-f0ed95f94a22","financial_transactions","d62dbd6e-5943-441d-a094-6f9e171d4fd8","create","Created financial transaction of 600.75 for client 21be3212-0a2f-4750-9c7c-08f24c677a02","2025-01-17 11:53:34.465896"
"325f5255-9726-4558-b69b-a5573368caec","4b5b8957-db65-480d-bb9b-f0ed95f94a22","financial_transactions","d62dbd6e-5943-441d-a094-6f9e171d4fd8","delete","Deleted financial transaction d62dbd6e-5943-441d-a094-6f9e171d4fd8","2025-01-17 11:53:36.7387"
"7621cbcf-f476-45a5-8cab-db72fa1f14c0","a062c4ea-9a96-43fb-b7a2-410a0bd42117","clients","8bd3540b-b04b-4398-9b5d-e8e9b0be38f1","create","Created client Test Company 4840227f-8542-4914-bf8b-213feb5f8001","2025-01-17 12:51:53.909423"
"89aa29c2-e5aa-4dd5-8f2a-1b1c78ffc284","4b5b8957-db65-480d-bb9b-f0ed95f94a22","clients","051fda02-ca1b-4afb-8374-9833b6106658","create","Created client Finance Test Company 3647762c-11ca-46c4-bc85-30ede384daba","2025-01-17 12:51:53.680049"
"7822962a-1bb2-4ce6-951f-43a558d6641a","a062c4ea-9a96-43fb-b7a2-410a0bd42117","clients","c34991f1-05cc-4b4a-ac04-4778f89541b4","create","Created client Update Test Company 3d261d3d-9eb9-454e-87a2-e2b5d1e3a228","2025-01-17 12:52:12.008295"
"671a5733-a4cd-4563-bbfd-6a3402ad20f9","a062c4ea-9a96-43fb-b7a2-410a0bd42117","clients","c34991f1-05cc-4b4a-ac04-4778f89541b4","update","Updated client Update Test Company 3d261d3d-9eb9-454e-87a2-e2b5d1e3a228","2025-01-17 12:52:14.43328"
"77e0725c-3e15-42bf-8b86-361d515bb476","a062c4ea-9a96-43fb-b7a2-410a0bd42117","clients","940719da-bf1a-4051-a777-b31f468de7ee","create","Created client Delete Test Company 17920dd6-6b35-4831-abca-74b3140f469d","2025-01-17 12:52:19.111505"
"ab1d3d12-4220-44d6-84df-9bd1ae930a1c","a062c4ea-9a96-43fb-b7a2-410a0bd42117","clients","940719da-bf1a-4051-a777-b31f468de7ee","delete","Deleted client Delete Test Company 17920dd6-6b35-4831-abca-74b3140f469d","2025-01-17 12:52:21.536943"
"6aeb5ac7-c15e-4275-a157-657671e5d348","a062c4ea-9a96-43fb-b7a2-410a0bd42117","clients","335c2808-01f7-4416-8083-d1ce9cdb8627","create","Created client Test Company dffef7c3-a0de-4c4c-b55b-3cea31f8949c","2025-01-17 12:58:53.547284"
"d23f906e-d17d-4174-afbe-5521a8d0591f","4b5b8957-db65-480d-bb9b-f0ed95f94a22","clients","8974f161-dc3b-4dcc-a06e-17baf62082af","create","Created client Finance Test Company 6d30acc3-b179-4da2-b441-7c55aa34e469","2025-01-17 12:58:58.241514"
"1fc6145d-f357-4ec6-9479-d2bb8a03ffa9","a062c4ea-9a96-43fb-b7a2-410a0bd42117","clients","c88ccde9-810d-4969-a6d2-e7b1b7bef090","create","Created client Update Test Company 4063919f-79b7-404d-902b-ec561f5608bf","2025-01-17 12:59:16.639653"
"c6c84d8b-93a7-454a-ad4e-a8e63df70cad","a062c4ea-9a96-43fb-b7a2-410a0bd42117","clients","c88ccde9-810d-4969-a6d2-e7b1b7bef090","update","Updated client Update Test Company 4063919f-79b7-404d-902b-ec561f5608bf","2025-01-17 12:59:19.055784"
"f77d1fc4-0e6d-420b-937f-25541c431f18","a062c4ea-9a96-43fb-b7a2-410a0bd42117","clients","fb2faa0b-3f6f-43a5-aa99-6cc042228622","create","Created client Delete Test Company 45a751cf-f466-48e0-a054-f68057a0ac74","2025-01-17 12:59:23.764583"
"ce87431a-ec52-4e11-86cb-fc1a3f29320d","a062c4ea-9a96-43fb-b7a2-410a0bd42117","clients","fb2faa0b-3f6f-43a5-aa99-6cc042228622","delete","Deleted client Delete Test Company 45a751cf-f466-48e0-a054-f68057a0ac74","2025-01-17 12:59:26.18768"
"eb881e30-5fab-4a9b-84fa-7a1d37fd99f9","a062c4ea-9a96-43fb-b7a2-410a0bd42117","financial_transactions","9eec3c7b-80db-490d-8d90-0c656be0ed93","create","Created transaction of 1000.50 for client a30f6cf1-c914-4951-94c1-bea5a57006b2","2025-01-17 13:10:22.351168"
"f91d788d-a73b-4d4a-a893-e240f1f0a70e","4b5b8957-db65-480d-bb9b-f0ed95f94a22","financial_transactions","bee39fb1-db2f-4d26-8ee4-b838e373b1ff","create","Created transaction of 500.75 for client 21be3212-0a2f-4750-9c7c-08f24c677a02","2025-01-17 13:10:27.056965"
"2fb166a1-c764-4ac7-b645-3895273f286d","a062c4ea-9a96-43fb-b7a2-410a0bd42117","financial_transactions","3f27f7e0-2527-4a99-8725-2847f9e71b02","create","Created transaction of 750.25 for client a30f6cf1-c914-4951-94c1-bea5a57006b2","2025-01-17 13:10:41.93202"
"6fc224a0-ac02-44dc-a69a-4375800f903d","a062c4ea-9a96-43fb-b7a2-410a0bd42117","financial_transactions","3f27f7e0-2527-4a99-8725-2847f9e71b02","update","Updated transaction 3f27f7e0-2527-4a99-8725-2847f9e71b02","2025-01-17 13:10:44.528319"
"cd6a14fd-102e-4f65-9250-31eebd2298a2","4b5b8957-db65-480d-bb9b-f0ed95f94a22","financial_transactions","eea7214d-1589-43b1-8d8b-4427d467c363","create","Created transaction of 600.75 for client 21be3212-0a2f-4750-9c7c-08f24c677a02","2025-01-17 13:10:49.234011"
"81f0170e-1e59-46d8-afeb-b3c9f537982c","4b5b8957-db65-480d-bb9b-f0ed95f94a22","financial_transactions","eea7214d-1589-43b1-8d8b-4427d467c363","delete","Deleted transaction eea7214d-1589-43b1-8d8b-4427d467c363","2025-01-17 13:10:51.66949"
"bc962f34-b855-4706-8a1f-7ba8851b3807","a062c4ea-9a96-43fb-b7a2-410a0bd42117","invoices","18b628fc-5e63-45ff-a053-3012218b148b","create","Created invoice of 1500.75 for client a30f6cf1-c914-4951-94c1-bea5a57006b2","2025-01-17 13:18:24.203483"
"eb9c0d2a-a2d6-4a5e-b811-a5db238187a8","4b5b8957-db65-480d-bb9b-f0ed95f94a22","invoices","c7340673-615a-4bfb-a398-76f6196287a3","create","Created invoice of 2500.50 for client 21be3212-0a2f-4750-9c7c-08f24c677a02","2025-01-17 13:18:28.899901"
"10d6a067-a079-414e-8de9-4fdb1944b5b6","a062c4ea-9a96-43fb-b7a2-410a0bd42117","invoices","faa51881-bd8f-4705-83dc-c7543c3f9c91","create","Created invoice of 3000.00 for client a30f6cf1-c914-4951-94c1-bea5a57006b2","2025-01-17 13:18:36.775004"
"5929fdfb-c297-42e1-9498-deb4677f07fb","4b5b8957-db65-480d-bb9b-f0ed95f94a22","invoices","faa51881-bd8f-4705-83dc-c7543c3f9c91","update","Updated invoice faa51881-bd8f-4705-83dc-c7543c3f9c91","2025-01-17 13:18:39.359709"
"0efbb703-fb68-4363-91a1-b2c954d689cc","4b5b8957-db65-480d-bb9b-f0ed95f94a22","invoices","faa51881-bd8f-4705-83dc-c7543c3f9c91","update","Updated invoice faa51881-bd8f-4705-83dc-c7543c3f9c91","2025-01-17 13:18:41.94665"
"a8a0ee65-fc31-4ac0-a50e-200f81237752","4b5b8957-db65-480d-bb9b-f0ed95f94a22","invoices","7563ddb4-eb00-4cbf-918b-c98bd3e08e78","create","Created invoice of 1000.00 for client 21be3212-0a2f-4750-9c7c-08f24c677a02","2025-01-17 13:18:46.677812"
"3055f3a9-47c9-4990-95fc-c286ad2d3d75","a062c4ea-9a96-43fb-b7a2-410a0bd42117","invoices","0f4a5b14-9a7d-4697-9e58-87c104bb6400","create","Created invoice of 500.00 for client 40d5c0a0-7e68-4655-9b39-b2d330f9be60","2025-01-17 13:18:52.437003"
"e877801a-07cd-40e7-b33f-96775179d878","a062c4ea-9a96-43fb-b7a2-410a0bd42117","invoices","857511da-9d48-4024-bf0e-150b52ff348c","create","Created invoice of 1000.00 for client a30f6cf1-c914-4951-94c1-bea5a57006b2","2025-01-17 13:18:58.193678"
"8f5d2464-1cea-401a-ad48-f6010bb519c7","4b5b8957-db65-480d-bb9b-f0ed95f94a22","clients","8fd7fe02-fbbe-4600-8cf8-75225c6e6037","create","Created client string","2025-01-17 13:26:44.776068"
"b58ff06b-0595-45b0-8d60-374022f78820","4b5b8957-db65-480d-bb9b-f0ed95f94a22","clients","040e4ede-da43-4e1a-a6bc-525171eeec34","update","Updated client Future Robotics Ltd.","2025-01-17 13:34:23.286728"
"dd3c1d7c-3c68-40eb-854f-23d70cfc6348","a062c4ea-9a96-43fb-b7a2-410a0bd42117","clients","8fd7fe02-fbbe-4600-8cf8-75225c6e6037","delete","Deleted client string","2025-01-17 13:36:47.800497"
"465af541-2ca0-4057-b896-d232f24a25da","4b5b8957-db65-480d-bb9b-f0ed95f94a22","financial_transactions","ac5026f7-ad25-4fa0-a245-aa53f3398098","create","Created transaction of 130.00 for client a30f6cf1-c914-4951-94c1-bea5a57006b2","2025-01-17 13:39:39.423732"
"46c5c891-41f1-472c-b45d-b6db924ce797","4b5b8957-db65-480d-bb9b-f0ed95f94a22","financial_transactions","2a73bb55-e17c-4145-9b8b-d0f759479031","update","Updated transaction 2a73bb55-e17c-4145-9b8b-d0f759479031","2025-01-17 13:45:10.436795"
"113bd6ec-dfc1-4cfe-af81-2ff6a39bc1b1","4b5b8957-db65-480d-bb9b-f0ed95f94a22","invoices","5624e2c8-1504-413c-bb4c-ae0db632c934","create","Created invoice of 1500.75 for client 21be3212-0a2f-4750-9c7c-08f24c677a02","2025-01-17 13:47:50.677432"